customer_id,customer_name,recency_days,frequency,monetary,r_score,f_score,m_score,rfm_total_score,rfm_segment
SE-20110,Sanjit Engle,10,11,12209.44,5,5,5,15,Champions
JL-15835,John Lee,22,10,9576.34,5,5,5,15,Champions
PK-19075,Pete Kriz,10,12,8646.93,5,5,5,15,Champions
HM-14860,Harry Marie,3,10,8236.76,5,5,5,15,Champions
LC-16885,Lena Creighton,17,12,7663.13,5,5,5,15,Champions
PO-18850,Patrick O'Brill,5,11,7473.83,5,5,5,15,Champions
YS-21880,Yana Sorensen,10,8,6720.44,5,5,5,15,Champions
DR-12880,Dan Reichenbach,4,9,6528.03,5,5,5,15,Champions
JG-15160,James Galang,2,11,6366.39,5,5,5,15,Champions
WB-21850,William Brown,21,10,6129.71,5,5,5,15,Champions
QJ-19255,Quincy Jones,26,9,6108.34,5,5,5,15,Champions
BF-11170,Ben Ferrer,17,11,5907.97,5,5,5,15,Champions
MH-18115,Mick Hernandez,6,9,5503.09,5,5,5,15,Champions
EP-13915,Emily Phan,13,17,5478.06,5,5,5,15,Champions
AH-10210,Alan Hwang,7,9,4805.34,5,5,5,15,Champions
DK-13225,Dean Katz,11,9,4802.39,5,5,5,15,Champions
RA-19915,Russell Applegate,13,9,4793.54,5,5,5,15,Champions
RB-19465,Rick Bensley,10,12,4715.47,5,5,5,15,Champions
SM-20950,Suzanne McNair,26,11,4464.86,5,5,5,15,Champions
TP-21130,Theone Pippenger,9,9,4454.06,5,5,5,15,Champions
AI-10855,Arianne Irving,14,10,4375.79,5,5,5,15,Champions
GZ-14470,Gary Zandusky,8,9,4355.15,5,5,5,15,Champions
AB-10105,Adrian Barton,42,10,14473.57,4,5,5,14,Champions
KL-16645,Ken Lonsdale,48,12,14175.23,4,5,5,14,Champions
GT-14710,Greg Tran,37,11,11820.12,4,5,5,14,Champions
ME-17320,Maria Etezadi,43,10,10663.73,4,5,5,14,Champions
JE-15715,Joe Elijah,47,10,8697.84,4,5,5,14,Champions
NC-18535,Nick Crebassa,7,7,8241.74,5,4,5,14,Champions
BM-11650,Brian Moss,34,11,7294.19,4,5,5,14,Champions
FH-14365,Fred Hopkins,6,8,6987.2,5,4,5,14,Champions
BB-11545,Brenda Bowman,29,9,6765.73,4,5,5,14,Champions
JE-15745,Joel Eaton,52,13,6760.82,4,5,5,14,Champions
MJ-17740,Max Jones,23,7,6320.75,5,4,5,14,Champions
BH-11710,Brosina Hoffman,24,8,6255.35,5,4,5,14,Champions
VW-21775,Victoria Wilson,29,10,6134.04,4,5,5,14,Champions
SC-20380,Shahid Collister,31,9,5992.54,4,5,5,14,Champions
KH-16690,Kristen Hastings,3,7,5990.8,5,4,5,14,Champions
CB-12025,Cassandra Brandow,48,9,5730.67,4,5,5,14,Champions
BD-11320,Bill Donatelli,34,12,5718.52,4,5,5,14,Champions
SP-20620,Stefania Perrino,48,9,5440.32,4,5,5,14,Champions
LW-17215,Luke Weiss,22,7,5420.51,5,4,5,14,Champions
TT-21460,Tonja Turnell,13,7,5364.81,5,4,5,14,Champions
MW-18220,Mitch Webber,18,7,5341.9,5,4,5,14,Champions
RP-19390,Resi Pölking,34,12,5153.08,4,5,5,14,Champions
KL-16555,Kelly Lampkin,17,8,5016.49,5,4,5,14,Champions
MP-18175,Mike Pelletier,17,8,4757.33,5,4,5,14,Champions
ES-14080,Erin Smith,29,9,4657.92,4,5,5,14,Champions
SC-20050,Sample Company A,41,9,4624.57,4,5,5,14,Champions
ND-18370,Natalie DeCherney,28,9,4326.14,4,5,5,14,Champions
AT-10735,Annie Thurman,14,10,3831.86,5,5,4,14,Champions
BP-11185,Ben Peterman,2,9,3675.86,5,5,4,14,Champions
CC-12220,Chris Cortes,21,11,3670.26,5,5,4,14,Champions
CS-12400,Christopher Schild,3,9,3651.86,5,5,4,14,Champions
MM-17920,Michael Moore,8,10,3640.26,5,5,4,14,Champions
DK-12835,Damala Kotsonis,22,12,3256.48,5,5,4,14,Champions
HG-14965,Henry Goldwyn,24,12,3247.64,5,5,4,14,Champions
CS-12355,Christine Sundaresam,7,11,3202.16,5,5,4,14,Champions
CS-11950,Carlos Soltero,26,11,3036.55,5,5,4,14,Champions
LS-16975,Lindsay Shagiari,21,9,2988.67,5,5,4,14,Champions
DS-13180,David Smith,24,9,2881.81,5,5,4,14,Champions
CC-12430,Chuck Clark,1,10,2870.05,5,5,4,14,Champions
CS-12250,Chris Selesnick,27,12,2754.22,5,5,4,14,Champions
SV-20365,Seth Vernon,102,10,11470.95,3,5,5,13,Loyal Customers
JD-16150,Justin Deggeller,42,8,8828.03,4,4,5,13,Champions
DR-12940,Daniel Raglin,51,8,8350.87,4,4,5,13,Champions
SB-20290,Sean Braxton,48,7,8057.89,4,4,5,13,Champions
ZC-21910,Zuschuss Carroll,55,13,8025.71,3,5,5,13,Loyal Customers
AB-10060,Adam Bellavance,55,8,7755.62,4,4,5,13,Champions
JE-15610,Jim Epp,49,7,7754.98,4,4,5,13,Champions
PP-18955,Paul Prost,98,10,7252.61,3,5,5,13,Loyal Customers
Dp-13240,Dean percer,85,11,7198.76,3,5,5,13,Loyal Customers
AR-10540,Andy Reiter,7,6,6608.45,5,3,5,13,Needs Attention
AD-10180,Alan Dominguez,30,8,6106.88,4,4,5,13,Champions
RM-19675,Robert Marley,7,5,5979.1,5,3,5,13,Needs Attention
RB-19795,Ross Baird,33,8,5633.32,4,4,5,13,Champions
NP-18325,Naresj Patel,26,6,5529.62,5,3,5,13,Needs Attention
AC-10450,Amy Cox,12,7,5527.85,5,3,5,13,Needs Attention
YC-21895,Yoseph Carroll,5,5,5454.35,5,3,5,13,Needs Attention
KH-16510,Keith Herrera,23,6,5229.7,5,3,5,13,Needs Attention
LR-16915,Lena Radford,27,6,5142.89,5,3,5,13,Needs Attention
TT-21070,Ted Trevino,32,7,4915.6,4,4,5,13,Champions
KM-16720,Kunst Miller,29,8,4909.47,4,4,5,13,Champions
JK-15730,Joe Kamberova,85,9,4769.9,3,5,5,13,Loyal Customers
SA-20830,Sue Ann Reed,64,10,4767.34,3,5,5,13,Loyal Customers
DB-13270,Deborah Brumfield,54,8,4655.9,4,4,5,13,Champions
KT-16480,Kean Thornton,101,10,4642.09,3,5,5,13,Loyal Customers
AG-10900,Arthur Gainer,97,10,4510.8,3,5,5,13,Loyal Customers
LC-16930,Linda Cazamias,42,8,4492.95,4,4,5,13,Champions
SC-20770,Stewart Carmichael,42,7,4492.66,4,4,5,13,Champions
MA-17560,Matt Abelman,65,11,4299.16,3,5,5,13,Loyal Customers
SP-20860,Sung Pak,80,10,4282.94,3,5,5,13,Loyal Customers
TC-21295,Toby Carlisle,28,8,4266.81,4,4,5,13,Champions
FH-14275,Frank Hawley,38,10,4256.27,4,5,4,13,Champions
DM-13345,Denise Monton,23,8,4074.47,5,4,4,13,Champions
FP-14320,Frank Preis,24,8,4046.75,5,4,4,13,Champions
LF-17185,Luke Foster,23,7,3930.51,5,4,4,13,Champions
MC-17845,Michael Chen,2,7,3805.71,5,4,4,13,Champions
FM-14290,Frank Merwin,37,9,3736.2,4,5,4,13,Champions
HG-15025,Hunter Glantz,7,7,3690.28,5,4,4,13,Champions
EB-13705,Ed Braxton,49,9,3644.98,4,5,4,13,Champions
JP-15520,Jeremy Pistek,9,7,3635.59,5,4,4,13,Champions
SZ-20035,Sam Zeldin,36,11,3625.33,4,5,4,13,Champions
PW-19030,Pauline Webber,47,10,3454.92,4,5,4,13,Champions
SF-20965,Sylvia Foulston,49,9,3336.54,4,5,4,13,Champions
DC-12850,Dan Campbell,38,9,3336.17,4,5,4,13,Champions
DK-13375,Dennis Kane,20,8,3318.49,5,4,4,13,Champions
AS-10090,Adam Shillingsburg,29,9,3255.31,4,5,4,13,Champions
AH-10075,Adam Hart,35,10,3250.34,4,5,4,13,Champions
EB-13750,Edward Becker,36,10,3236.31,4,5,4,13,Champions
CK-12205,Chloris Kastensmidt,40,13,3154.86,4,5,4,13,Champions
KB-16240,Karen Bern,5,7,3152.62,5,4,4,13,Champions
PG-18820,Patrick Gardner,37,13,3086.91,4,5,4,13,Champions
TB-21625,Trudy Brown,31,9,2797.67,4,5,4,13,Champions
LC-17140,Logan Currie,14,9,2633.58,5,5,3,13,Loyal Customers
RA-19285,Ralph Arnett,6,9,2617.91,5,5,3,13,Loyal Customers
FM-14215,Filia McAdams,8,10,2456.64,5,5,3,13,Loyal Customers
BP-11095,Bart Pistole,18,12,2442.04,5,5,3,13,Loyal Customers
CV-12805,Cynthia Voltz,6,9,2370.31,5,5,3,13,Loyal Customers
DB-13210,Dean Braden,10,10,2332.58,5,5,3,13,Loyal Customers
LH-16900,Lena Hernandez,22,9,2295.33,5,5,3,13,Loyal Customers
SH-20395,Shahid Hopkins,24,10,2180.72,5,5,3,13,Loyal Customers
NB-18655,Nona Balk,20,9,1972.6,5,5,3,13,Loyal Customers
JB-15400,Jennifer Braxton,8,10,1791.61,5,5,3,13,Loyal Customers
HL-15040,Hunter Lopez,44,6,12873.3,4,3,5,12,Needs Attention
TS-21370,Todd Sumrall,37,6,11891.75,4,3,5,12,Needs Attention
KF-16285,Karen Ferguson,98,7,10604.27,3,4,5,12,Loyal Customers
EH-13765,Edward Hooks,136,10,9940.38,2,5,5,12,At Risk
LA-16780,Laura Armstrong,155,11,8673.22,2,5,5,12,At Risk
KD-16495,Keith Dawkins,113,12,8181.26,2,5,5,12,At Risk
JH-15985,Joseph Holt,30,6,7955.0,4,3,5,12,Needs Attention
JW-15220,Jane Waco,43,6,7721.71,4,3,5,12,Needs Attention
GK-14620,Grace Kelly,113,9,6497.27,2,5,5,12,At Risk
JA-15970,Joseph Airdo,93,8,6491.03,3,4,5,12,Loyal Customers
DM-13015,Darrin Martin,58,7,6345.1,3,4,5,12,Loyal Customers
SD-20485,Shirley Daniels,201,9,6121.11,2,5,5,12,At Risk
KM-16375,Katherine Murray,57,8,5620.19,3,4,5,12,Loyal Customers
CP-12085,Cathy Prescott,83,8,5402.25,3,4,5,12,Loyal Customers
TW-21025,Tamara Willingham,65,7,5278.83,3,4,5,12,Loyal Customers
SC-20725,Steven Cartwright,188,11,5226.21,2,5,5,12,At Risk
PO-19180,Philisse Overcash,161,9,4893.04,2,5,5,12,At Risk
JK-15640,Jim Kriz,181,9,4760.43,2,5,5,12,At Risk
TB-21520,Tracy Blumstein,108,9,4737.49,2,5,5,12,At Risk
GB-14575,Giulietta Baptist,14,5,4716.29,5,2,5,12,Needs Attention
EM-14140,Eugene Moren,49,6,4588.44,4,3,5,12,Needs Attention
AR-10825,Anthony Rawles,59,8,4523.34,3,4,5,12,Loyal Customers
BD-11500,Bradley Drucker,36,6,4411.24,4,3,5,12,Needs Attention
RD-19480,Rick Duston,73,8,4272.93,3,4,5,12,Loyal Customers
RS-19765,Roland Schwarz,37,8,4159.77,4,4,4,12,Champions
DB-13060,Dave Brooks,17,6,4151.51,5,3,4,12,Needs Attention
MP-17965,Michael Paige,73,9,3983.64,3,5,4,12,Loyal Customers
SJ-20125,Sanjit Jacobs,96,12,3949.66,3,5,4,12,Loyal Customers
KH-16630,Ken Heidel,59,9,3918.97,3,5,4,12,Loyal Customers
RO-19780,Rose O'Brian,36,7,3815.48,4,4,4,12,Champions
MG-17650,Matthew Grinstein,30,7,3785.28,4,4,4,12,Champions
MY-18295,Muhammed Yedwab,72,10,3601.88,3,5,4,12,Loyal Customers
SF-20200,Sarah Foster,60,9,3422.79,3,5,4,12,Loyal Customers
AP-10915,Arthur Prichep,99,10,3323.56,3,5,4,12,Loyal Customers
KH-16330,Katharine Harms,41,8,3312.86,4,4,4,12,Champions
RW-19630,Rob Williams,90,9,3279.75,3,5,4,12,Loyal Customers
JO-15145,Jack O'Briant,58,9,3254.95,3,5,4,12,Loyal Customers
SR-20425,Sharelle Roach,9,5,3233.48,5,3,4,12,Needs Attention
AS-10285,Alejandro Savely,20,6,3214.24,5,3,4,12,Needs Attention
BT-11680,Brian Thompson,21,7,3196.75,5,3,4,12,Needs Attention
LP-17095,Liz Preis,10,6,3104.44,5,3,4,12,Needs Attention
KH-16360,Katherine Hughes,2,6,3100.61,5,3,4,12,Needs Attention
GM-14455,Gary Mitchum,17,6,3078.62,5,3,4,12,Needs Attention
DB-13120,David Bremer,49,7,2973.09,4,4,4,12,Champions
LT-17110,Liz Thompson,35,8,2936.25,4,4,4,12,Champions
JM-16195,Justin MacKendrick,58,10,2833.93,3,5,4,12,Loyal Customers
GH-14410,Gary Hansen,76,9,2819.47,3,5,4,12,Loyal Customers
BG-11035,Barry Gonzalez,29,8,2798.95,4,4,4,12,Champions
EB-13870,Emily Burns,101,10,2767.22,3,5,4,12,Loyal Customers
ML-17395,Marina Lichtenstein,70,9,2722.84,3,5,4,12,Loyal Customers
FO-14305,Frank Olsen,39,10,2678.44,4,5,3,12,Loyal Customers
SU-20665,Stephanie Ulpright,21,7,2595.36,5,4,3,12,Loyal Customers
HA-14920,Helen Andreada,21,8,2584.16,5,4,3,12,Loyal Customers
HF-14995,Herbert Flentye,22,7,2533.16,5,4,3,12,Loyal Customers
PO-18865,Patrick O'Donnell,1,7,2493.21,5,4,3,12,Loyal Customers
SH-19975,Sally Hughsby,30,12,2465.66,4,5,3,12,Loyal Customers
XP-21865,Xylona Preis,44,11,2374.66,4,5,3,12,Loyal Customers
CK-12595,Clytie Kelty,44,11,2372.75,4,5,3,12,Loyal Customers
KN-16390,Katherine Nockton,20,8,2224.09,5,4,3,12,Loyal Customers
GG-14650,Greg Guthrie,44,9,2224.0,4,5,3,12,Loyal Customers
MC-18100,Mick Crebagga,42,10,2218.98,4,5,3,12,Loyal Customers
DP-13105,Dave Poirier,7,8,2215.0,5,4,3,12,Loyal Customers
DB-12910,Daniel Byrd,22,8,2171.6,5,4,3,12,Loyal Customers
CB-12415,Christy Brittain,27,8,1949.2,5,4,3,12,Loyal Customers
SV-20935,Susan Vittorini,3,8,1903.49,5,4,3,12,Loyal Customers
MV-18190,Mike Vittorini,20,7,1734.57,5,4,3,12,Loyal Customers
RD-19720,Roger Demir,22,10,1419.74,5,5,2,12,Loyal Customers
GA-14725,Guy Armstrong,6,11,1398.38,5,5,2,12,Loyal Customers
AA-10375,Allen Armold,20,9,1056.39,5,5,2,12,Loyal Customers
SM-20320,Sean Miller,80,5,25043.05,3,3,5,11,Needs Attention
RB-19360,Raymond Buch,97,6,15117.34,3,3,5,11,Needs Attention
SC-20095,Sanjit Chand,350,9,14142.33,1,5,5,11,At Risk
CC-12370,Christopher Conant,44,5,12129.07,4,2,5,11,Needs Attention
CJ-12010,Caroline Jumper,190,8,11164.97,2,4,5,11,At Risk
CL-12565,Clay Ludtke,285,12,10880.55,1,5,5,11,At Risk
NF-18385,Natalie Fritzler,80,6,8080.47,3,3,5,11,Needs Attention
NP-18700,Nora Preis,139,7,7903.18,2,4,5,11,At Risk
AH-10690,Anna Häberlin,411,12,7888.29,1,5,5,11,At Risk
JM-15865,John Murray,110,7,7625.08,2,4,5,11,At Risk
JD-15895,Jonathan Doherty,395,11,7610.86,1,5,5,11,At Risk
MS-17365,Maribeth Schnelling,274,10,7443.69,1,5,5,11,At Risk
RW-19540,Rick Wilson,121,7,7397.4,2,4,5,11,At Risk
NW-18400,Natalie Webber,173,7,7234.01,2,4,5,11,At Risk
NM-18445,Nathan Mautz,161,7,6459.34,2,4,5,11,At Risk
RL-19615,Rob Lucas,122,8,6234.91,2,4,5,11,At Risk
CM-12655,Corinna Mitchell,28,5,5890.51,4,2,5,11,Needs Attention
CS-12505,Cindy Stewart,59,6,5690.06,3,3,5,11,Needs Attention
AM-10705,Anne McFarland,163,8,5664.02,2,4,5,11,At Risk
DP-13390,Dennis Pardue,359,9,5480.72,1,5,5,11,At Risk
TS-21205,Thomas Seio,199,7,5371.09,2,4,5,11,At Risk
TP-21415,Tom Prescott,105,5,5329.0,3,3,5,11,Needs Attention
HR-14830,Harold Ryan,160,7,5248.79,2,4,5,11,At Risk
AA-10645,Anna Andreadi,56,6,5086.94,3,3,5,11,Needs Attention
IL-15100,Ivan Liston,143,7,5040.74,2,4,5,11,At Risk
LB-16795,Laurel Beltran,153,8,4985.68,2,4,5,11,At Risk
HK-14890,Heather Kirkland,152,8,4877.78,2,4,5,11,At Risk
AJ-10780,Anthony Jacobs,76,7,4867.34,3,3,5,11,Needs Attention
HW-14935,Helen Wasserman,118,7,4827.93,2,4,5,11,At Risk
BW-11110,Bart Watters,122,8,4750.36,2,4,5,11,At Risk
SR-20740,Steven Roelle,197,8,4345.89,2,4,5,11,At Risk
DK-12895,Dana Kaydos,46,5,4282.18,4,2,5,11,Needs Attention
AS-10225,Alan Schoenberger,23,5,4260.78,5,2,4,11,Needs Attention
TH-21550,Tracy Hopkins,73,7,4234.1,3,4,4,11,Loyal Customers
JF-15565,Jill Fjeld,55,8,4198.33,3,4,4,11,Loyal Customers
JK-15625,Jim Karlsson,62,7,3760.03,3,4,4,11,Loyal Customers
SC-20305,Sean Christensen,30,6,3650.47,4,3,4,11,Needs Attention
RH-19495,Rick Hansen,33,5,3621.38,4,3,4,11,Needs Attention
GM-14440,Gary McGarr,84,7,3582.82,3,4,4,11,Loyal Customers
DL-13495,Dionis Lloyd,77,8,3539.32,3,4,4,11,Loyal Customers
FC-14245,Frank Carlisle,71,7,3418.74,3,4,4,11,Loyal Customers
VP-21760,Victoria Pisteka,76,7,3360.53,3,4,4,11,Loyal Customers
CT-11995,Carol Triggs,97,8,3241.9,3,4,4,11,Loyal Customers
LW-16990,Lindsay Williams,34,6,3230.31,4,3,4,11,Needs Attention
JL-15505,Jeremy Lonsdale,50,6,3173.87,4,3,4,11,Needs Attention
JM-15250,Janet Martin,38,6,3159.12,4,3,4,11,Needs Attention
MS-17770,Maxwell Schwartz,122,9,3144.68,2,5,4,11,At Risk
RD-19900,Ruben Dartt,115,9,3133.92,2,5,4,11,At Risk
TN-21040,Tanja Norvell,91,7,3130.22,3,4,4,11,Loyal Customers
SN-20710,Steve Nguyen,80,7,3127.96,3,4,4,11,Loyal Customers
EH-14125,Eugene Hildebrand,153,10,3082.65,2,5,4,11,At Risk
FA-14230,Frank Atkinson,98,7,2984.05,3,4,4,11,Loyal Customers
BC-11125,Becky Castell,203,9,2933.68,2,5,4,11,At Risk
JK-16120,Julie Kriz,118,10,2932.48,2,5,4,11,At Risk
MT-17815,Meg Tillman,50,6,2890.14,4,3,4,11,Needs Attention
BF-11020,Barry Französisch,75,8,2888.51,3,4,4,11,Loyal Customers
NS-18640,Noel Staavos,175,12,2857.75,2,5,4,11,At Risk
AW-10930,Arthur Wiediger,47,7,2852.97,4,3,4,11,Needs Attention
RD-19585,Rob Dowd,181,9,2832.9,2,5,4,11,At Risk
TS-21610,Troy Staebel,56,7,2820.42,3,4,4,11,Loyal Customers
TM-21010,Tamara Manning,104,7,2819.03,3,4,4,11,Loyal Customers
JC-15775,John Castell,159,9,2772.06,2,5,4,11,At Risk
EA-14035,Erin Ashbrook,153,12,2752.44,2,5,4,11,At Risk
MM-18055,Michelle Moray,62,8,2749.88,3,4,4,11,Loyal Customers
MC-17275,Marc Crier,77,8,2725.98,3,4,4,11,Loyal Customers
DK-13090,Dave Kipp,43,7,2650.56,4,4,3,11,Loyal Customers
LC-16870,Lena Cacioppo,28,8,2580.7,4,4,3,11,Loyal Customers
SC-20695,Steve Chapman,90,10,2576.41,3,5,3,11,Loyal Customers
BS-11755,Bruce Stewart,2,7,2562.38,5,3,3,11,Needs Attention
CM-12160,Charles McCrossin,27,6,2533.31,5,3,3,11,Needs Attention
DJ-13510,Don Jones,49,8,2501.69,4,4,3,11,Loyal Customers
NZ-18565,Nick Zandusky,86,9,2488.31,3,5,3,11,Loyal Customers
BP-11290,Beth Paige,13,7,2475.16,5,3,3,11,Needs Attention
MK-17905,Michael Kennedy,29,8,2302.37,4,4,3,11,Loyal Customers
KM-16225,Kalyca Meade,15,6,2260.96,5,3,3,11,Needs Attention
MY-17380,Maribeth Yedwab,30,7,2254.29,4,4,3,11,Loyal Customers
TS-21505,Tony Sayre,12,6,2243.27,5,3,3,11,Needs Attention
JG-15310,Jason Gross,3,6,2240.58,5,3,3,11,Needs Attention
GW-14605,Giulietta Weimer,29,7,2189.02,4,4,3,11,Loyal Customers
JK-15370,Jay Kimmel,45,7,2136.46,4,4,3,11,Loyal Customers
ML-17755,Max Ludwig,30,7,2071.91,4,4,3,11,Loyal Customers
RP-19855,Roy Phan,29,7,2055.36,4,4,3,11,Loyal Customers
HP-14815,Harold Pawlan,31,7,1990.31,4,4,3,11,Loyal Customers
DB-13615,Doug Bickford,34,7,1989.05,4,4,3,11,Loyal Customers
PG-18895,Paul Gonzalez,58,9,1987.16,3,5,3,11,Loyal Customers
ME-17725,Max Engle,29,8,1908.45,4,4,3,11,Loyal Customers
SC-20440,Shaun Chance,37,7,1875.0,4,4,3,11,Loyal Customers
RB-19435,Richard Bierner,42,7,1864.16,4,4,3,11,Loyal Customers
AH-10030,Aaron Hawkins,13,7,1744.7,5,3,3,11,Needs Attention
CC-12475,Cindy Chapman,40,9,1659.44,4,5,2,11,Loyal Customers
MV-17485,Mark Van Huff,28,9,1560.05,4,5,2,11,Loyal Customers
MB-17305,Maria Bertelson,49,10,1548.7,4,5,2,11,Loyal Customers
DL-13315,Delfina Latchford,23,8,1458.26,5,4,2,11,Loyal Customers
KE-16420,Katrina Edelman,27,7,1453.28,5,4,2,11,Loyal Customers
TD-20995,Tamara Dahlen,38,9,1434.55,4,5,2,11,Loyal Customers
SS-20140,Saphhira Shifley,16,8,1324.03,5,4,2,11,Loyal Customers
DO-13645,Doug O'Connell,27,7,1267.32,5,4,2,11,Loyal Customers
EH-14005,Erica Hernandez,3,7,1219.53,5,4,2,11,Loyal Customers
DB-13660,Duane Benoit,13,7,1155.2,5,4,2,11,Loyal Customers
RD-19810,Ross DeVincentis,15,8,1137.62,5,4,2,11,Loyal Customers
AB-10165,Alan Barnes,26,8,1113.84,5,4,2,11,Loyal Customers
KB-16600,Ken Brennan,2,7,983.92,5,4,2,11,Loyal Customers
RF-19840,Roy Französisch,7,7,938.86,5,4,2,11,Loyal Customers
TA-21385,Tom Ashbrook,70,4,14595.62,3,2,5,10,Needs Attention
TB-21400,Tom Boeckenhauer,203,6,9108.74,2,3,5,10,At Risk
CM-12385,Christopher Martinez,38,4,8954.02,4,1,5,10,Needs Attention
PS-19045,Penelope Sewall,237,7,6843.63,1,4,5,10,At Risk
SB-20185,Sarah Brown,189,6,6411.0,2,3,5,10,At Risk
CP-12340,Christine Phan,161,7,5817.19,2,3,5,10,At Risk
MW-18235,Mitch Willingham,45,2,5253.88,4,1,5,10,Needs Attention
IM-15070,Irene Maddox,391,7,4930.47,1,4,5,10,At Risk
AJ-10795,Anthony Johnson,167,7,4501.39,2,3,5,10,At Risk
KW-16435,Katrina Willman,97,5,4416.52,3,2,5,10,Needs Attention
CB-12535,Claudia Bergmann,198,8,4246.46,2,4,4,10,At Risk
PM-19135,Peter McVee,52,4,4115.66,4,2,4,10,Needs Attention
SV-20785,Stewart Visinsky,321,9,4105.31,1,5,4,10,At Risk
SP-20920,Susan Pistek,71,6,3990.69,3,3,4,10,Needs Attention
DB-13555,Dorothy Badders,108,7,3908.8,2,4,4,10,At Risk
FC-14335,Fred Chung,185,7,3889.37,2,4,4,10,At Risk
BS-11380,Bill Stewart,29,5,3887.83,4,2,4,10,Needs Attention
CA-11965,Carol Adams,97,6,3789.72,3,3,4,10,Needs Attention
SC-20260,Scott Cohen,188,8,3729.79,2,4,4,10,At Risk
RA-19885,Ruben Ausman,56,6,3546.22,3,3,4,10,Needs Attention
ES-14020,Erica Smith,41,5,3510.46,4,2,4,10,Needs Attention
RW-19690,Robert Waldorf,80,5,3495.65,3,3,4,10,Needs Attention
AG-10675,Anna Gayman,98,7,3489.04,3,3,4,10,Needs Attention
ED-13885,Emily Ducich,136,8,3484.92,2,4,4,10,At Risk
SG-20080,Sandra Glassco,9,3,3406.58,5,1,4,10,Needs Attention
DJ-13630,Doug Jacobs,13,3,3356.4,5,1,4,10,Needs Attention
DL-12925,Daniel Lacy,58,6,3272.2,3,3,4,10,Needs Attention
DV-13465,Dianna Vittorini,30,5,3254.49,4,2,4,10,Needs Attention
RS-19420,Ricardo Sperren,77,5,3221.29,3,3,4,10,Needs Attention
DG-13300,Deirdre Greer,33,5,3195.82,4,2,4,10,Needs Attention
AS-10045,Aaron Smayling,89,7,3050.69,3,3,4,10,Needs Attention
SL-20155,Sara Luxemburg,71,6,3046.53,3,3,4,10,Needs Attention
MH-18025,Michelle Huthwaite,50,5,2984.95,4,2,4,10,Needs Attention
BD-11605,Brian Dahlen,98,6,2783.19,3,3,4,10,Needs Attention
KB-16585,Ken Black,231,12,2744.74,1,5,4,10,At Risk
CA-12265,Christina Anderson,57,8,2638.33,3,4,3,10,Loyal Customers
SO-20335,Sean O'Donnell,30,6,2602.58,4,3,3,10,Needs Attention
NS-18505,Neola Schneider,7,4,2575.86,5,2,3,10,Needs Attention
CC-12610,Corey Catlett,35,7,2540.63,4,3,3,10,Needs Attention
AC-10615,Ann Chong,7,5,2537.69,5,2,3,10,Needs Attention
FM-14380,Fred McMath,146,9,2523.27,2,5,3,10,At Risk
JB-16045,Julia Barnett,8,5,2518.12,5,2,3,10,Needs Attention
JS-16030,Joy Smith,29,6,2516.49,4,3,3,10,Needs Attention
MN-17935,Michael Nguyen,35,6,2477.95,4,3,3,10,Needs Attention
BS-11590,Brendan Sweed,36,6,2454.93,4,3,3,10,Needs Attention
VM-21685,Valerie Mitchum,55,7,2454.87,3,4,3,10,Loyal Customers
MC-17590,Matt Collister,52,6,2426.07,4,3,3,10,Needs Attention
RF-19735,Roland Fjeld,90,7,2341.3,3,4,3,10,Loyal Customers
EM-13825,Elizabeth Moffitt,56,8,2339.6,3,4,3,10,Loyal Customers
JF-15415,Jennifer Ferguson,3,5,2309.43,5,2,3,10,Needs Attention
CC-12670,Craig Carreira,30,7,2269.7,4,3,3,10,Needs Attention
NC-18415,Nathan Cano,42,6,2218.99,4,3,3,10,Needs Attention
MH-17785,Maya Herman,99,7,2203.78,3,4,3,10,Loyal Customers
HA-14905,Helen Abelman,70,7,2163.3,3,4,3,10,Loyal Customers
AF-10870,Art Ferguson,42,7,2052.91,4,3,3,10,Needs Attention
KN-16705,Kristina Nunn,99,7,2003.01,3,4,3,10,Loyal Customers
SW-20275,Scott Williamson,31,6,1966.65,4,3,3,10,Needs Attention
KD-16345,Katherine Ducich,42,6,1888.96,4,3,3,10,Needs Attention
BG-11695,Brooke Gillingham,37,6,1874.17,4,3,3,10,Needs Attention
PC-18745,Pamela Coakley,3,4,1832.06,5,2,3,10,Needs Attention
EG-13900,Emily Grady,23,5,1832.02,5,2,3,10,Needs Attention
MF-18250,Monica Federle,8,5,1758.3,5,2,3,10,Needs Attention
JM-15535,Jessica Myrick,103,7,1733.44,3,4,3,10,Loyal Customers
JP-16135,Julie Prescott,103,9,1707.71,3,5,2,10,Loyal Customers
JP-15460,Jennifer Patt,38,7,1669.14,4,4,2,10,Loyal Customers
CK-12760,Cyma Kinney,83,9,1582.11,3,5,2,10,Loyal Customers
GB-14530,George Bell,63,11,1568.44,3,5,2,10,Loyal Customers
KA-16525,Kelly Andreada,37,7,1519.51,4,4,2,10,Loyal Customers
CM-12190,Charlotte Melton,9,6,1475.14,5,3,2,10,Needs Attention
LE-16810,Laurel Elliston,22,6,1469.45,5,3,2,10,Needs Attention
PN-18775,Parhena Norris,31,8,1467.15,4,4,2,10,Loyal Customers
MB-18085,Mick Brown,45,7,1428.23,4,4,2,10,Loyal Customers
FG-14260,Frank Gastineau,35,7,1383.14,4,4,2,10,Loyal Customers
MC-17575,Matt Collins,28,8,1303.89,4,4,2,10,Loyal Customers
PJ-18835,Patrick Jones,40,8,1220.09,4,4,2,10,Loyal Customers
JL-15130,Jack Lebron,9,6,1214.96,5,3,2,10,Needs Attention
CW-11905,Carl Weiss,23,6,1136.59,5,3,2,10,Needs Attention
JW-15955,Joni Wasserman,6,6,1049.24,5,3,2,10,Needs Attention
JH-15910,Jonathan Howell,42,7,959.48,4,4,2,10,Loyal Customers
TC-21535,Tracy Collins,5,7,742.56,5,4,1,10,Loyal Customers
TC-20980,Tamara Chand,400,5,19052.22,1,3,5,9,At Risk
GT-14635,Grant Thornton,57,3,9351.21,3,1,5,9,Needs Attention
RH-19510,Rick Huthwaite,468,6,6979.18,1,3,5,9,At Risk
VD-21670,Valerie Dominguez,582,6,6442.25,1,3,5,9,At Risk
AA-10315,Alex Avila,185,5,5563.56,2,2,5,9,Lost Customers
DW-13480,Dianna Wilson,218,5,5271.63,2,2,5,9,Lost Customers
SC-20230,Scot Coram,150,4,4371.96,2,2,5,9,Lost Customers
GH-14425,Gary Hwang,51,4,4172.85,4,1,4,9,Needs Attention
PW-19240,Pierre Wener,465,7,3922.42,1,4,4,9,At Risk
NP-18670,Nora Paige,59,5,3908.4,3,2,4,9,Needs Attention
OT-18730,Olvera Toch,66,5,3818.62,3,2,4,9,Needs Attention
JK-16090,Juliana Krohn,29,3,3747.67,4,1,4,9,Needs Attention
TB-21175,Thomas Boland,59,4,3589.3,3,2,4,9,Needs Attention
RF-19345,Randy Ferguson,391,8,3309.15,1,4,4,9,At Risk
RR-19525,Rick Reed,171,6,3302.26,2,3,4,9,At Risk
GM-14680,Greg Matthias,153,6,3163.63,2,3,4,9,At Risk
SG-20605,Speros Goranitis,109,5,3118.89,2,3,4,9,At Risk
EB-14110,Eugene Barchas,114,6,3071.13,2,3,4,9,At Risk
MG-18145,Mike Gockenbach,85,4,3061.54,3,2,4,9,Needs Attention
KT-16465,Kean Takahito,392,7,3057.1,1,4,4,9,At Risk
SS-20410,Shahid Shariari,111,6,3056.81,2,3,4,9,At Risk
CA-12775,Cynthia Arntzen,121,7,3041.57,2,3,4,9,At Risk
TH-21115,Thea Hudgings,59,4,2942.77,3,2,4,9,Needs Attention
ND-18460,Neil Ducich,184,6,2893.46,2,3,4,9,At Risk
ML-17410,Maris LaWare,55,5,2885.26,3,2,4,9,Needs Attention
PV-18985,Paul Van Hugh,90,5,2876.05,3,2,4,9,Needs Attention
LS-16945,Linda Southworth,179,6,2845.27,2,3,4,9,At Risk
SW-20455,Shaun Weien,163,6,2835.56,2,3,4,9,At Risk
PF-19165,Philip Fox,197,6,2770.0,2,3,4,9,At Risk
JE-16165,Justin Ellison,21,3,2697.25,5,1,3,9,Needs Attention
MC-17605,Matt Connell,113,8,2258.19,2,4,3,9,At Risk
JF-15190,Jamie Frazer,66,6,2239.61,3,3,3,9,Needs Attention
JR-16210,Justin Ritter,34,5,2201.69,4,2,3,9,Needs Attention
KN-16450,Kean Nguyen,53,5,2171.96,4,2,3,9,Needs Attention
NM-18520,Neoma Murray,245,10,2161.98,1,5,3,9,At Risk
MH-17455,Mark Hamilton,171,7,2146.69,2,4,3,9,At Risk
DN-13690,Duane Noonan,218,7,2139.79,2,4,3,9,At Risk
CD-11920,Carlos Daly,41,5,2033.97,4,2,3,9,Needs Attention
NF-18595,Nicole Fjeld,115,7,2031.47,2,4,3,9,At Risk
VB-21745,Victoria Brennan,55,6,2005.6,3,3,3,9,Needs Attention
CY-12745,Craig Yedwab,61,7,2004.08,3,3,3,9,Needs Attention
JO-15280,Jas O'Carroll,93,6,1934.27,3,3,3,9,Needs Attention
GD-14590,Giulietta Dortch,6,4,1888.07,5,1,3,9,Needs Attention
SG-20470,Sheri Gordon,184,8,1884.8,2,4,3,9,At Risk
SP-20650,Stephanie Phelps,387,9,1872.44,1,5,3,9,At Risk
NG-18355,Nat Gilpin,49,5,1869.58,4,2,3,9,Needs Attention
PR-18880,Patrick Ryan,37,5,1840.18,4,2,3,9,Needs Attention
JM-15265,Janet Molinari,38,5,1804.15,4,2,3,9,Needs Attention
LH-17155,Logan Haushalter,386,9,1739.69,1,5,3,9,At Risk
AH-10120,Adrian Hane,61,7,1735.51,3,3,3,9,Needs Attention
DK-12985,Darren Koutras,8,5,1687.04,5,2,2,9,Needs Attention
MO-17800,Meg O'Connel,105,8,1687.03,3,4,2,9,Loyal Customers
JL-15175,James Lanier,7,5,1571.52,5,2,2,9,Needs Attention
BN-11515,Bradley Nguyen,10,5,1459.34,5,2,2,9,Needs Attention
PB-19150,Philip Brown,98,8,1456.95,3,4,2,9,Loyal Customers
TT-21220,Thomas Thornton,184,8,1427.04,2,5,2,9,At Risk
SJ-20215,Sarah Jordon,30,6,1341.04,4,3,2,9,Needs Attention
BM-11785,Bryan Mills,219,10,1338.84,2,5,2,9,At Risk
DO-13435,Denny Ordway,134,9,1300.03,2,5,2,9,At Risk
PS-18970,Paul Stevenson,70,8,1278.64,3,4,2,9,Loyal Customers
GM-14500,Gene McClure,107,10,1255.68,2,5,2,9,At Risk
TC-21475,Tony Chapman,154,9,1244.98,2,5,2,9,At Risk
DC-13285,Debra Catini,24,5,1174.62,5,2,2,9,Needs Attention
AT-10435,Alyssa Tate,22,5,1166.07,5,2,2,9,Needs Attention
DV-13045,Darrin Van Huff,20,5,1119.48,5,2,2,9,Needs Attention
SW-20245,Scot Wooten,82,7,1085.08,3,4,2,9,Loyal Customers
TH-21235,Tiffany House,118,8,1022.2,2,5,2,9,At Risk
LS-17245,Lynn Smith,35,6,1008.14,4,3,2,9,Needs Attention
VF-21715,Vicky Freymann,14,5,847.94,5,3,1,9,Needs Attention
MG-17890,Michael Granlund,100,9,776.38,3,5,1,9,Loyal Customers
MM-18280,Muhammed MacIntyre,86,9,775.41,3,5,1,9,Loyal Customers
JB-16000,Joy Bell-,44,7,644.12,4,4,1,9,Loyal Customers
RB-19570,Rob Beeghly,26,5,528.55,5,3,1,9,Needs Attention
BS-11365,Bill Shonely,559,5,10501.65,1,2,5,8,Lost Customers
PF-19120,Peter Fuller,835,4,9062.86,1,2,5,8,Lost Customers
KD-16270,Karen Daniels,485,5,8282.36,1,2,5,8,Lost Customers
GM-14695,Greg Maxwell,118,3,6049.97,2,1,5,8,Lost Customers
MC-17425,Mark Cousins,400,5,4432.14,1,2,5,8,Lost Customers
JK-15205,Jamie Kunitz,62,4,4262.29,3,1,4,8,Needs Attention
BE-11335,Bill Eplett,120,5,4204.68,2,2,4,8,Lost Customers
KC-16540,Kelly Collister,98,4,3908.26,3,1,4,8,Needs Attention
GA-14515,George Ashbrook,150,5,3797.23,2,2,4,8,Lost Customers
TS-21655,Trudy Schmidt,239,5,3368.09,1,3,4,8,At Risk
SC-20020,Sam Craven,781,5,3362.96,1,3,4,8,At Risk
TG-21310,Toby Gnade,338,5,3058.37,1,3,4,8,At Risk
MP-17470,Mark Packer,719,6,2945.82,1,3,4,8,At Risk
CK-12325,Christine Kargatis,121,5,2945.32,2,2,4,8,Lost Customers
RD-19660,Robert Dilbeck,115,4,2745.89,2,2,4,8,Lost Customers
JL-15850,John Lucas,615,6,2725.26,1,3,4,8,At Risk
MD-17350,Maribeth Dona,118,6,2716.41,2,3,3,8,At Risk
BT-11530,Bradley Talbott,92,5,2684.49,3,2,3,8,Needs Attention
EJ-14155,Eva Jacobs,58,5,2656.69,3,2,3,8,Needs Attention
NH-18610,Nicole Hansen,190,6,2518.67,2,3,3,8,At Risk
CC-12145,Charles Crestani,107,7,2471.65,2,3,3,8,At Risk
MA-17995,Michelle Arnett,187,6,2453.28,2,3,3,8,At Risk
MG-17680,Maureen Gastineau,93,4,2350.19,3,2,3,8,Needs Attention
BE-11410,Bobby Elias,99,5,2261.44,3,2,3,8,Needs Attention
LW-16825,Laurel Workman,89,5,2238.06,3,2,3,8,Needs Attention
PS-18760,Pamela Stobb,108,6,2181.48,2,3,3,8,At Risk
LC-17050,Liz Carlisle,55,5,2095.06,3,2,3,8,Needs Attention
RB-19705,Roger Barcio,55,4,2067.45,3,2,3,8,Needs Attention
TS-21430,Tom Stivers,173,5,2054.14,2,3,3,8,At Risk
JF-15355,Jay Fein,106,6,1911.84,2,3,3,8,At Risk
SN-20560,Skye Norling,112,6,1860.42,2,3,3,8,At Risk
AJ-10945,Ashley Jarboe,122,6,1829.9,2,3,3,8,At Risk
BW-11200,Ben Wallace,204,6,1738.41,2,3,3,8,At Risk
TZ-21580,Tracy Zic,36,4,1707.29,4,2,2,8,Needs Attention
BP-11155,Becky Pak,90,6,1697.86,3,3,2,8,Needs Attention
RA-19945,Ryan Akin,62,5,1686.92,3,3,2,8,Needs Attention
CM-12115,Chad McGuire,9,4,1661.61,5,1,2,8,Needs Attention
EB-13975,Erica Bern,1,4,1643.26,5,1,2,8,Needs Attention
KB-16315,Karl Braun,297,9,1569.46,1,5,2,8,At Risk
ON-18715,Odella Nelson,411,9,1567.52,1,5,2,8,At Risk
BD-11620,Brian DeCherney,70,6,1538.11,3,3,2,8,Needs Attention
BD-11725,Bruce Degenhardt,94,6,1526.5,3,3,2,8,Needs Attention
CA-12310,Christine Abelman,14,4,1421.95,5,1,2,8,Needs Attention
AG-10495,Andrew Gjertsen,79,7,1419.25,3,3,2,8,Needs Attention
NG-18430,Nathan Gelder,49,5,1395.94,4,2,2,8,Needs Attention
DM-12955,Dario Medina,115,7,1322.03,2,4,2,8,At Risk
MD-17860,Michael Dominguez,37,5,1204.91,4,2,2,8,Needs Attention
EB-14170,Evan Bailliet,83,6,1186.33,3,3,2,8,Needs Attention
BP-11230,Benjamin Patterson,40,5,1181.49,4,2,2,8,Needs Attention
DW-13195,David Wiener,70,6,1080.75,3,3,2,8,Needs Attention
LS-17200,Luke Schmidt,97,6,1010.26,3,3,2,8,Needs Attention
BG-11740,Bruce Geld,58,6,1006.36,3,3,2,8,Needs Attention
RD-19930,Russell D'Ascenzo,43,4,970.94,4,2,2,8,Needs Attention
AB-10150,Aimee Bixby,42,5,966.71,4,2,2,8,Needs Attention
HR-14770,Hallie Redmond,14,4,940.59,5,1,2,8,Needs Attention
AB-10255,Alejandro Ballentine,167,9,914.53,2,5,1,8,At Risk
CG-12040,Catherine Glotzbach,50,6,904.47,4,3,1,8,Needs Attention
JF-15490,Jeremy Farry,122,10,890.95,2,5,1,8,At Risk
JM-15655,Jim Mitchum,9,5,864.95,5,2,1,8,Needs Attention
MS-17980,Michael Stewart,27,6,855.12,4,3,1,8,Needs Attention
SF-20065,Sandra Flanagan,60,7,763.55,3,4,1,8,Loyal Customers
AG-10330,Alex Grayson,9,5,660.97,5,2,1,8,Needs Attention
LO-17170,Lori Olson,3,5,644.35,5,2,1,8,Needs Attention
NK-18490,Neil Knudson,71,7,572.05,3,4,1,8,Loyal Customers
AP-10720,Anne Pryor,42,6,545.93,4,3,1,8,Needs Attention
KM-16660,Khloe Miller,16,5,453.54,5,2,1,8,Needs Attention
DL-12865,Dan Lawera,101,7,444.02,3,4,1,8,Loyal Customers
JM-15580,Jill Matthias,1,5,303.95,5,2,1,8,Needs Attention
DD-13570,Dorothy Dickinson,42,6,269.54,4,3,1,8,Needs Attention
AR-10510,Andrew Roberts,15,5,264.86,5,2,1,8,Needs Attention
PL-18925,Paul Lucas,16,5,239.48,5,2,1,8,Needs Attention
BM-11140,Becky Martin,308,4,11789.63,1,1,5,7,Lost Customers
JS-15880,John Stevenson,535,5,3868.02,1,2,4,7,Lost Customers
DH-13075,Dave Hallsten,278,5,3487.2,1,2,4,7,Lost Customers
LC-16960,Lindsay Castell,437,4,3246.63,1,2,4,7,Lost Customers
CV-12295,Christina VanderZanden,255,5,2830.63,1,2,4,7,Lost Customers
BO-11350,Bill Overfelt,138,5,2682.73,2,2,3,7,Lost Customers
EM-13810,Eleni McCrary,133,5,2567.01,2,2,3,7,Lost Customers
MZ-17515,Mary Zewe,283,6,2564.91,1,3,3,7,At Risk
AH-10465,Amy Hunt,231,5,2495.39,2,2,3,7,Lost Customers
NC-18340,Nat Carroll,225,5,2461.4,2,2,3,7,Lost Customers
TH-21100,Thea Hendricks,345,5,2422.82,1,3,3,7,At Risk
NR-18550,Nick Radford,211,5,2367.28,2,2,3,7,Lost Customers
AR-10405,Allen Rosenblatt,126,5,2236.13,2,2,3,7,Lost Customers
PF-19225,Phillip Flathmann,115,5,2206.13,2,2,3,7,Lost Customers
JL-15235,Janet Lee,120,5,2203.7,2,2,3,7,Lost Customers
TB-21280,Toby Braunhardt,584,6,2198.45,1,3,3,7,At Risk
BT-11395,Bill Tyler,303,6,2186.61,1,3,3,7,At Risk
TS-21160,Theresa Swint,505,6,2163.62,1,3,3,7,At Risk
JD-15790,John Dryer,118,5,2152.35,2,2,3,7,Lost Customers
CR-12580,Clay Rozendal,58,4,2148.85,3,1,3,7,Needs Attention
KC-16255,Karen Carlisle,408,6,2120.95,1,3,3,7,At Risk
TG-21640,Trudy Glocke,115,4,2074.66,2,2,3,7,Lost Customers
LR-17035,Lisa Ryan,133,5,1879.31,2,2,3,7,Lost Customers
NC-18625,Noah Childs,205,5,1821.74,2,2,3,7,Lost Customers
DS-13030,Darrin Sayre,94,4,1762.21,3,1,3,7,Needs Attention
PJ-19015,Pauline Johnson,135,6,1677.54,2,3,2,7,At Risk
CM-11815,Candace McMahon,132,6,1673.89,2,3,2,7,At Risk
AZ-10750,Annie Zypern,161,6,1622.02,2,3,2,7,At Risk
TB-21250,Tim Brockman,350,7,1602.38,1,4,2,7,At Risk
AB-10600,Ann Blume,51,4,1515.86,4,1,2,7,Needs Attention
JG-15805,John Grady,224,6,1507.02,2,3,2,7,At Risk
ZD-21925,Zuschuss Donatelli,203,5,1493.94,2,3,2,7,At Risk
NL-18310,Nancy Lomonaco,59,4,1418.09,3,2,2,7,Needs Attention
JE-15475,Jeremy Ellison,194,6,1388.68,2,3,2,7,At Risk
BF-11005,Barry Franz,40,4,1333.88,4,1,2,7,Needs Attention
EK-13795,Eileen Kiefer,45,4,1303.48,4,1,2,7,Needs Attention
CS-11845,Cari Sayre,92,5,1278.95,3,2,2,7,Needs Attention
SV-20815,Stuart Van,77,4,1271.09,3,2,2,7,Needs Attention
ME-18010,Michelle Ellison,93,4,1256.94,3,2,2,7,Needs Attention
SC-20680,Steve Carroll,127,6,1254.64,2,3,2,7,At Risk
CD-12280,Christina DeMoss,43,2,1205.58,4,1,2,7,Needs Attention
DW-13585,Dorothy Wardle,243,7,1204.85,1,4,2,7,At Risk
PO-19195,Phillina Ober,87,5,1056.86,3,2,2,7,Needs Attention
VP-21730,Victor Preis,31,3,993.9,4,1,2,7,Needs Attention
JS-15685,Jim Sink,43,3,990.2,4,1,2,7,Needs Attention
BP-11050,Barry Pond,84,5,983.42,3,2,2,7,Needs Attention
TS-21340,Toby Swindell,227,5,974.78,2,3,2,7,At Risk
SS-20875,Sung Shariari,121,5,964.64,2,3,2,7,At Risk
DP-13000,Darren Powers,127,8,897.52,2,4,1,7,At Risk
HZ-14950,Henia Zydlo,36,5,886.52,4,2,1,7,Needs Attention
SK-19990,Sally Knutson,9,3,883.41,5,1,1,7,Needs Attention
AS-10630,Ann Steele,93,7,833.4,3,3,1,7,Needs Attention
TB-21190,Thomas Brumley,50,4,816.17,4,2,1,7,Needs Attention
AM-10360,Alice McCarthy,29,5,814.01,4,2,1,7,Needs Attention
BM-11575,Brendan Murry,101,6,808.16,3,3,1,7,Needs Attention
DK-13150,David Kendrick,11,2,797.83,5,1,1,7,Needs Attention
LP-17080,Liz Pelletier,41,4,756.61,4,2,1,7,Needs Attention
HE-14800,Harold Engle,13,3,755.46,5,1,1,7,Needs Attention
PB-18805,Patrick Bzostek,26,3,740.36,5,1,1,7,Needs Attention
AH-10585,Angele Hood,22,4,738.5,5,1,1,7,Needs Attention
PA-19060,Pete Armstrong,104,6,729.41,3,3,1,7,Needs Attention
EH-13945,Eric Hoffmann,218,8,684.17,2,4,1,7,At Risk
BK-11260,Berenike Kampe,78,6,659.14,3,3,1,7,Needs Attention
AW-10840,Anthony Witt,21,4,649.38,5,1,1,7,Needs Attention
RR-19315,Ralph Ritter,20,2,615.93,5,1,1,7,Needs Attention
BF-10975,Barbara Fisher,92,7,599.8,3,3,1,7,Needs Attention
MZ-17335,Maria Zettner,31,4,593.61,4,2,1,7,Needs Attention
BD-11635,Brian Derr,10,3,582.65,5,1,1,7,Needs Attention
AY-10555,Andy Yotov,15,4,497.01,5,1,1,7,Needs Attention
EC-14050,Erin Creighton,54,5,461.91,4,2,1,7,Needs Attention
ST-20530,Shui Tom,126,7,433.34,2,4,1,7,At Risk
JH-15430,Jennifer Halladay,6,4,309.28,5,1,1,7,Needs Attention
SC-20800,Stuart Calhoun,31,4,279.26,4,2,1,7,Needs Attention
BF-11080,Bart Folk,26,3,272.95,5,1,1,7,Needs Attention
BN-11470,Brad Norvell,25,4,265.3,5,1,1,7,Needs Attention
GH-14665,Greg Hansen,3,2,146.94,5,1,1,7,Needs Attention
RS-19870,Roy Skaria,20,2,22.33,5,1,1,7,Needs Attention
CM-12715,Craig Molinari,1035,4,3984.45,1,1,4,6,Lost Customers
BS-11665,Brian Stugart,583,3,3288.11,1,1,4,6,Lost Customers
CC-12685,Craig Carroll,799,4,2854.12,1,1,4,6,Lost Customers
AG-10270,Alejandro Grove,279,5,2582.9,1,2,3,6,Lost Customers
BT-11305,Beth Thompson,337,5,2567.66,1,2,3,6,Lost Customers
DE-13255,Deanra Eno,719,5,2550.87,1,2,3,6,Lost Customers
GZ-14545,George Zrebassa,158,4,2454.62,2,1,3,6,Lost Customers
LL-16840,Lauren Leatherbury,250,5,2454.55,1,2,3,6,Lost Customers
CM-12235,Chris McAfee,386,5,2305.71,1,2,3,6,Lost Customers
FH-14350,Fred Harton,213,4,2271.28,2,1,3,6,Lost Customers
LD-17005,Lisa DeCherney,415,4,1961.93,1,2,3,6,Lost Customers
TP-21565,Tracy Poddar,351,4,1936.64,1,2,3,6,Lost Customers
CD-12790,Cynthia Delaney,400,5,1860.73,1,2,3,6,Lost Customers
DB-13405,Denny Blanton,188,4,1711.69,2,1,3,6,Lost Customers
MS-17710,Maurice Satty,414,6,1613.4,1,3,2,6,At Risk
CR-12730,Craig Reiter,79,4,1600.55,3,1,2,6,Needs Attention
AH-10195,Alan Haines,56,4,1587.45,3,1,2,6,Needs Attention
BF-11215,Benjamin Farhat,66,4,1585.16,3,1,2,6,Needs Attention
RM-19375,Raymond Messe,346,6,1453.47,1,3,2,6,At Risk
TB-21055,Ted Butterfield,120,4,1451.36,2,2,2,6,Lost Customers
CR-12820,Cyra Reiten,86,3,1397.87,3,1,2,6,Needs Attention
MT-18070,Michelle Tran,204,4,1319.45,2,2,2,6,Lost Customers
SJ-20500,Shirley Jackson,254,5,1318.78,1,3,2,6,At Risk
MM-17260,Magdelene Morse,169,4,1314.02,2,2,2,6,Lost Customers
SP-20545,Sibella Parks,328,6,1306.09,1,3,2,6,At Risk
MH-17620,Matt Hagelstein,156,4,1252.8,2,2,2,6,Lost Customers
MG-17875,Michael Grace,117,5,1242.83,2,2,2,6,Lost Customers
KC-16675,Kimberly Carter,58,4,1146.05,3,1,2,6,Needs Attention
JO-15550,Jesus Ocampo,216,5,1090.84,2,2,2,6,Lost Customers
VS-21820,Vivek Sundaresam,222,4,1055.98,2,2,2,6,Lost Customers
RB-19330,Randy Bradley,69,2,1008.2,3,1,2,6,Needs Attention
RC-19825,Roy Collins,370,6,966.41,1,3,2,6,At Risk
EB-13840,Ellis Ballard,91,4,964.45,3,1,2,6,Needs Attention
JF-15295,Jason Fortune-,226,5,955.12,2,2,2,6,Lost Customers
EB-13930,Eric Barreto,162,5,944.6,2,2,2,6,Lost Customers
EH-14185,Evan Henry,106,6,923.88,2,3,1,6,At Risk
MO-17500,Mary O'Rourke,73,4,922.49,3,2,1,6,Needs Attention
JC-16105,Julie Creighton,58,5,858.58,3,2,1,6,Needs Attention
VG-21790,Vivek Gonzalez,155,6,846.01,2,3,1,6,At Risk
TB-21355,Todd Boyes,147,5,834.33,2,3,1,6,At Risk
SC-20575,Sonia Cooley,93,4,799.8,3,2,1,6,Needs Attention
HG-14845,Harry Greene,55,5,785.63,3,2,1,6,Needs Attention
PB-19105,Peter Bühler,58,4,688.32,3,2,1,6,Needs Attention
TR-21325,Toby Ritter,194,5,675.94,2,3,1,6,At Risk
CS-12460,Chuck Sachs,28,2,550.64,4,1,1,6,Needs Attention
CS-11860,Cari Schnelling,163,6,537.63,2,3,1,6,At Risk
JH-15820,John Huston,175,6,528.91,2,3,1,6,At Risk
JD-16015,Joy Daniels,113,6,385.43,2,3,1,6,At Risk
VM-21835,Vivian Mathis,118,5,380.69,2,3,1,6,At Risk
DW-13540,Don Weiss,99,5,344.08,3,2,1,6,Needs Attention
LT-16765,Larry Tron,27,3,329.88,4,1,1,6,Needs Attention
EM-14065,Erin Mull,48,4,228.99,4,1,1,6,Needs Attention
GT-14755,Guy Thornton,35,4,226.44,4,1,1,6,Needs Attention
CC-12550,Clay Cheatham,28,3,113.83,4,1,1,6,Needs Attention
AS-10135,Adrian Shami,42,2,58.82,4,1,1,6,Needs Attention
LB-16735,Larry Blacks,49,3,50.19,4,1,1,6,Needs Attention
DB-12970,Darren Budd,242,4,2469.67,1,1,3,5,Lost Customers
DF-13135,David Flashing,700,3,2390.53,1,1,3,5,Lost Customers
JG-15115,Jack Garza,758,3,2358.68,1,1,3,5,Lost Customers
CL-12700,Craig Leslie,261,4,2335.59,1,1,3,5,Lost Customers
JH-16180,Justin Hirsh,405,4,2256.39,1,1,3,5,Lost Customers
EN-13780,Edward Nazzal,288,4,2199.37,1,1,3,5,Lost Customers
EJ-13720,Ed Jacobs,303,4,2162.17,1,1,3,5,Lost Customers
SH-20635,Stefanie Holloman,765,2,2096.39,1,1,3,5,Lost Customers
RH-19600,Rob Haberlin,535,3,2085.74,1,1,3,5,Lost Customers
DJ-13420,Denny Joy,638,4,2012.52,1,1,3,5,Lost Customers
AA-10480,Andrew Allen,260,4,1790.51,1,1,3,5,Lost Customers
VT-21700,Valerie Takahito,1000,2,1736.6,1,1,3,5,Lost Customers
MH-17290,Marc Harrigan,295,5,1691.51,1,2,2,5,Lost Customers
CC-12100,Chad Cunningham,458,5,1685.89,1,2,2,5,Lost Customers
CA-12055,Cathy Armstrong,402,5,1679.72,1,2,2,5,Lost Customers
MC-18130,Mike Caudle,370,5,1582.0,1,2,2,5,Lost Customers
BV-11245,Benjamin Venier,335,5,1523.27,1,2,2,5,Lost Customers
RK-19300,Ralph Kennedy,120,3,1460.19,2,1,2,5,Lost Customers
JS-15595,Jill Stevenson,120,4,1417.65,2,1,2,5,Lost Customers
SB-20170,Sarah Bern,202,3,1348.02,2,1,2,5,Lost Customers
LM-17065,Liz MacKendrick,392,5,1346.77,1,2,2,5,Lost Customers
Co-12640,Corey-Lock,550,5,1300.08,1,2,2,5,Lost Customers
CL-11890,Carl Ludwig,107,4,1262.01,2,1,2,5,Lost Customers
LW-17125,Liz Willingham,206,3,1259.04,2,1,2,5,Lost Customers
TB-21595,Troy Blackwell,286,4,1240.87,1,2,2,5,Lost Customers
NP-18685,Nora Pelletier,407,5,1164.73,1,2,2,5,Lost Customers
TM-21490,Tony Molinari,131,3,1094.68,2,1,2,5,Lost Customers
DB-13360,Dennis Bolton,265,5,1081.47,1,2,2,5,Lost Customers
JC-15385,Jenna Caffey,176,1,1058.11,2,1,2,5,Lost Customers
AR-10345,Alex Russell,112,4,1055.69,2,1,2,5,Lost Customers
EM-14095,Eudokia Martin,114,4,1041.04,2,1,2,5,Lost Customers
TC-21145,Theresa Coyne,107,1,1038.26,2,1,2,5,Lost Customers
MK-18160,Mike Kennedy,241,4,1031.6,1,2,2,5,Lost Customers
SW-20350,Sean Wendt,163,3,1019.04,2,1,2,5,Lost Customers
RP-19270,Rachel Payne,497,4,954.65,1,2,2,5,Lost Customers
MF-17665,Maureen Fritzler,422,5,937.04,1,2,2,5,Lost Customers
EM-13960,Eric Murdock,152,5,933.7,2,2,1,5,Lost Customers
JR-15700,Jocasta Rupert,69,1,863.88,3,1,1,5,Needs Attention
EH-13990,Erica Hackney,406,6,825.95,1,3,1,5,At Risk
MC-17635,Matthew Clasen,190,4,795.15,2,2,1,5,Lost Customers
BF-11275,Beth Fritzler,58,3,791.99,3,1,1,5,Needs Attention
Dl-13600,Dorris liebe,120,5,755.6,2,2,1,5,Lost Customers
IG-15085,Ivan Gibson,72,4,744.57,3,1,1,5,Needs Attention
BB-10990,Barry Blumstein,106,5,744.34,2,2,1,5,Lost Customers
ML-18040,Michelle Lonsdale,80,3,742.08,3,1,1,5,Needs Attention
PH-18790,Patricia Hirasaki,71,1,729.65,3,1,1,5,Needs Attention
BD-11770,Bryan Davis,328,6,658.47,1,3,1,5,At Risk
RC-19960,Ryan Crowe,111,4,652.64,2,2,1,5,Lost Customers
CD-11980,Carol Darley,55,3,639.77,3,1,1,5,Needs Attention
MR-17545,Mathew Reese,126,4,639.18,2,2,1,5,Lost Customers
AJ-10960,Astrea Jones,75,3,629.25,3,1,1,5,Needs Attention
DL-13330,Denise Leinenbach,58,4,585.02,3,1,1,5,Needs Attention
AS-10240,Alan Shonely,193,5,503.97,2,2,1,5,Lost Customers
SS-20590,Sonia Sunley,433,6,418.49,1,3,1,5,At Risk
HJ-14875,Heather Jas,127,5,358.1,2,2,1,5,Lost Customers
RB-19645,Robert Barroso,649,5,221.08,1,3,1,5,At Risk
HH-15010,Hilary Holden,73,2,218.67,3,1,1,5,Needs Attention
AG-10390,Allen Goldenen,115,5,200.95,2,2,1,5,Lost Customers
AG-10765,Anthony Garverick,78,4,170.58,3,1,1,5,Needs Attention
ML-18265,Muhammed Lee,101,2,162.23,3,1,1,5,Needs Attention
PT-19090,Pete Takahito,72,3,158.46,3,1,1,5,Needs Attention
BO-11425,Bobby Odegard,76,2,130.83,3,1,1,5,Needs Attention
EL-13735,Ed Ludwig,78,2,124.28,3,1,1,5,Needs Attention
CH-12070,Cathy Hwang,691,3,1537.24,1,1,2,4,Lost Customers
AG-10525,Andy Gerbode,845,4,1455.04,1,1,2,4,Lost Customers
PK-18910,Paul Knutson,484,2,1441.15,1,1,2,4,Lost Customers
JW-16075,Julia West,462,4,1428.73,1,1,2,4,Lost Customers
PM-18940,Paul MacIntyre,387,3,1405.4,1,1,2,4,Lost Customers
DM-13525,Don Miller,482,3,1376.79,1,1,2,4,Lost Customers
GH-14485,Gene Hale,388,2,1361.24,1,1,2,4,Lost Customers
MG-17695,Maureen Gnade,556,3,1342.28,1,1,2,4,Lost Customers
GR-14560,Georgia Rosenberg,1136,2,1284.38,1,1,2,4,Lost Customers
ER-13855,Elpida Rittenbach,422,3,1245.79,1,1,2,4,Lost Customers
JR-15670,Jim Radford,594,2,1156.66,1,1,2,4,Lost Customers
CG-12520,Claire Gute,339,3,1148.78,1,1,2,4,Lost Customers
PC-19000,Pauline Chand,882,2,1061.49,1,1,2,4,Lost Customers
DP-13165,David Philippe,812,2,1058.62,1,1,2,4,Lost Customers
DH-13675,Duane Huffman,776,4,1043.1,1,1,2,4,Lost Customers
SM-20905,Susan MacKendrick,607,1,1043.04,1,1,2,4,Lost Customers
CS-12490,Cindy Schnelling,425,4,970.11,1,1,2,4,Lost Customers
BS-11800,Bryan Spruell,266,2,949.43,1,1,2,4,Lost Customers
KB-16405,Katrina Bavinger,118,3,908.82,2,1,1,4,Lost Customers
KD-16615,Ken Dana,290,4,907.16,1,2,1,4,Lost Customers
CS-12175,Charles Sheldon,233,5,844.46,1,2,1,4,Lost Customers
BE-11455,Brad Eason,482,5,748.03,1,2,1,4,Lost Customers
JJ-15445,Jennifer Jackson,484,5,709.18,1,2,1,4,Lost Customers
RE-19450,Richard Eichhorn,303,4,666.52,1,2,1,4,Lost Customers
AC-10660,Anna Chung,283,5,657.32,1,2,1,4,Lost Customers
MS-17530,MaryBeth Skach,435,4,475.66,1,2,1,4,Lost Customers
JS-15940,Joni Sundaresam,464,5,469.17,1,2,1,4,Lost Customers
KW-16570,Kelly Williams,771,4,449.1,1,2,1,4,Lost Customers
VG-21805,Vivek Grady,492,4,418.43,1,2,1,4,Lost Customers
MH-17440,Mark Haberlin,377,4,400.02,1,2,1,4,Lost Customers
BW-11065,Barry Weirich,213,3,385.52,2,1,1,4,Lost Customers
NF-18475,Neil Französisch,526,4,377.16,1,2,1,4,Lost Customers
MS-17830,Melanie Seite,453,4,370.35,1,2,1,4,Lost Customers
AG-10300,Aleksandra Gannaway,119,4,367.55,2,1,1,4,Lost Customers
EM-14200,Evan Minnotte,159,3,366.82,2,1,1,4,Lost Customers
LH-17020,Lisa Hazard,240,4,318.24,1,2,1,4,Lost Customers
LH-16750,Larry Hughes,152,3,287.43,2,1,1,4,Lost Customers
SM-20005,Sally Matthias,422,4,244.49,1,2,1,4,Lost Customers
MO-17950,Michael Oakman,181,2,154.29,2,1,1,4,Lost Customers
JC-15340,Jasper Cacioppo,115,4,71.26,2,1,1,4,Lost Customers
SG-20890,Susan Gilcrest,227,3,47.95,2,1,1,4,Lost Customers
AC-10420,Alyssa Crouse,233,3,925.8,1,1,1,3,Lost Customers
JB-15925,Joni Blumstein,737,3,900.55,1,1,1,3,Lost Customers
AB-10015,Aaron Bergman,416,3,886.16,1,1,1,3,Lost Customers
CS-12130,Chad Sievert,490,4,884.64,1,1,1,3,Lost Customers
AF-10885,Art Foster,416,4,861.57,1,1,1,3,Lost Customers
SW-20755,Steven Ward,535,2,758.7,1,1,1,3,Lost Customers
RH-19555,Ritsa Hightower,520,2,740.38,1,1,1,3,Lost Customers
HM-14980,Henry MacAllister,248,4,736.28,1,1,1,3,Lost Customers
JD-16060,Julia Dunbar,301,3,695.44,1,1,1,3,Lost Customers
SS-20515,Shirley Schmidt,492,3,613.4,1,1,1,3,Lost Customers
BT-11440,Bobby Trafton,561,4,603.88,1,1,1,3,Lost Customers
CM-11935,Carlos Meador,708,2,565.39,1,1,1,3,Lost Customers
CR-12625,Corey Roper,471,3,475.9,1,1,1,3,Lost Customers
TT-21265,Tim Taslimi,407,3,439.5,1,1,1,3,Lost Customers
BT-11485,Brad Thomas,660,2,415.2,1,1,1,3,Lost Customers
JK-15325,Jason Klamczynski,288,3,383.81,1,1,1,3,Lost Customers
LS-17230,Lycoris Saunders,777,3,368.88,1,1,1,3,Lost Customers
BD-11560,Brendan Dodson,279,2,320.54,1,1,1,3,Lost Customers
CM-12445,Chuck Magee,437,3,287.99,1,1,1,3,Lost Customers
NB-18580,Nicole Brennan,1166,2,273.87,1,1,1,3,Lost Customers
HD-14785,Harold Dahlen,769,3,251.36,1,1,1,3,Lost Customers
GP-14740,Guy Phonely,765,2,236.53,1,1,1,3,Lost Customers
JJ-15760,Joel Jenkins,753,2,195.0,1,1,1,3,Lost Customers
AO-10810,Anthony O'Donnell,502,1,161.28,1,1,1,3,Lost Customers
DA-13450,Dianna Arnett,353,4,156.76,1,1,1,3,Lost Customers
PB-19210,Phillip Breyer,688,2,132.74,1,1,1,3,Lost Customers
RM-19750,Roland Murray,300,1,98.35,1,1,1,3,Lost Customers
KS-16300,Karen Seio,296,3,88.47,1,1,1,3,Lost Customers
AR-10570,Anemone Ratner,535,1,88.15,1,1,1,3,Lost Customers
FW-14395,Fred Wasserman,363,3,79.75,1,1,1,3,Lost Customers
IM-15055,Ionia McGrath,410,2,48.4,1,1,1,3,Lost Customers
RE-19405,Ricardo Emerson,1098,1,48.36,1,1,1,3,Lost Customers
MG-18205,Mitch Gastineau,265,1,16.74,1,1,1,3,Lost Customers
CJ-11875,Carl Jackson,366,1,16.52,1,1,1,3,Lost Customers
SC-20845,Sung Chung,415,1,14.11,1,1,1,3,Lost Customers
LD-16855,Lela Donovan,553,1,5.3,1,1,1,3,Lost Customers
TS-21085,Thais Sissman,358,2,4.83,1,1,1,3,Lost Customers
